"Site","Year","GenusSpecies","Genus","Abundance"
"CH",2012,"Agapostemon angelicus","Agapostemon",1
"CH",2012,"Allograpta exotica","Allograpta",1
"CH",2012,"Allograpta obliqua","Allograpta",6
"CH",2012,"Anthophora marginata","Anthophora",1
"CH",2012,"Anthophora montana","Anthophora",4
"CH",2012,"Anthophora urbana","Anthophora",1
"CH",2012,"Apis mellifera","Apis",176
"CH",2012,"Bombus sonorus","Bombus",66
"CH",2012,"Chrysotoxum sp. a","Chrysotoxum",1
"CH",2012,"Copestylum anna","Copestylum",2
"CH",2012,"Copestylum apiciferum","Copestylum",1
"CH",2012,"Copestylum haagii","Copestylum",1
"CH",2012,"Copestylum lentum","Copestylum",1
"CH",2012,"Copestylum violaceum","Copestylum",6
"CH",2012,"Dieunomia nevadensis arizonensis","Dieunomia",1
"CH",2012,"Eristalis stipator","Eristalis",4
"CH",2012,"Lasioglossum desertum","Lasioglossum",4
"CH",2012,"Lasioglossum manitouellum","Lasioglossum",1
"CH",2012,"Mallota sackeni","Mallota",1
"CH",2012,"Melissodes confusus","Melissodes",23
"CH",2012,"Palpada mexicana","Palpada",1
"CH",2012,"Platycheirus stegnus","Platycheirus",2
"CH",2012,"Sphaerophoria sp. a","Sphaerophoria",1
"CH",2012,"Spilomyia kahli","Spilomyia",1
"CH",2012,"Syritta pipiens","Syritta",1
"CH",2012,"Syrphus opinator","Syrphus",1
"CH",2012,"Syrphus ribesii","Syrphus",5
"CH",2012,"Syrphus sonorensis","Syrphus",9
"CH",2012,"Xylocopa californica arizonensis","Xylocopa",3
"CH",2017,"Agapostemon angelicus","Agapostemon",9
"CH",2017,"Anthophora californica","Anthophora",1
"CH",2017,"Anthophora montana","Anthophora",9
"CH",2017,"Anthophora urbana","Anthophora",7
"CH",2017,"Anthophorula consobrina","Anthophorula",1
"CH",2017,"Apis mellifera","Apis",4
"CH",2017,"Augochlorella sp. a","Augochlorella",2
"CH",2017,"Bombus rufocinctus","Bombus",1
"CH",2017,"Brachymelecta californica","Brachymelecta",1
"CH",2017,"Ceratina nanula","Ceratina",4
"CH",2017,"Colletes compactus","Colletes",21
"CH",2017,"Colletes skinneri","Colletes",5
"CH",2017,"Colletes slevini","Colletes",1
"CH",2017,"Diadasia australis","Diadasia",3
"CH",2017,"Diadasia diminuta","Diadasia",1
"CH",2017,"Diadasia ochracea","Diadasia",2
"CH",2017,"Eristalis stipator","Eristalis",2
"CH",2017,"Halictus ligatus","Halictus",9
"CH",2017,"Halictus tripartitus","Halictus",11
"CH",2017,"Heriades crucifera","Heriades",1
"CH",2017,"Hylaeus mesillae","Hylaeus",5
"CH",2017,"Hylaeus personatellus","Hylaeus",1
"CH",2017,"Hylaeus wootoni","Hylaeus",2
"CH",2017,"Lasioglossum Z17","Lasioglossum",1
"CH",2017,"Lasioglossum Z23","Lasioglossum",1
"CH",2017,"Lasioglossum aff. perparvum","Lasioglossum",15
"CH",2017,"Lasioglossum biclausum","Lasioglossum",3
"CH",2017,"Lasioglossum comulum aff.","Lasioglossum",11
"CH",2017,"Lasioglossum deludens","Lasioglossum",74
"CH",2017,"Lasioglossum desertum","Lasioglossum",3
"CH",2017,"Lasioglossum egregium","Lasioglossum",3
"CH",2017,"Lasioglossum hairy T1","Lasioglossum",1
"CH",2017,"Lasioglossum heterorhinum","Lasioglossum",4
"CH",2017,"Lasioglossum manitouellum","Lasioglossum",1
"CH",2017,"Lasioglossum mesillense","Lasioglossum",1
"CH",2017,"Lasioglossum microlepoides","Lasioglossum",2
"CH",2017,"Lasioglossum obnubilum","Lasioglossum",12
"CH",2017,"Lasioglossum pacatum/viridatulum","Lasioglossum",2
"CH",2017,"Lasioglossum ruidosense","Lasioglossum",20
"CH",2017,"Lasioglossum ruidosense cf.","Lasioglossum",11
"CH",2017,"Lasioglossum rupticristum","Lasioglossum",3
"CH",2017,"Lasioglossum semicaeruleum","Lasioglossum",11
"CH",2017,"Lasioglossum sisymbrii","Lasioglossum",1
"CH",2017,"Lasioglossum sp. 3","Lasioglossum",40
"CH",2017,"Lithurgopsis apicalis","Lithurgopsis",1
"CH",2017,"Megachile agustini","Megachile",3
"CH",2017,"Megachile fidelis","Megachile",1
"CH",2017,"Megachile frigida","Megachile",5
"CH",2017,"Megachile lippiae","Megachile",9
"CH",2017,"Megachile melanophaea rohweri","Megachile",3
"CH",2017,"Megachile mendica","Megachile",1
"CH",2017,"Megachile parallela","Megachile",1
"CH",2017,"Megachile petulans","Megachile",1
"CH",2017,"Megachile policaris","Megachile",1
"CH",2017,"Megachile subexilis","Megachile",2
"CH",2017,"Megachile zapoteca","Megachile",4
"CH",2017,"Melissodes confusus","Melissodes",44
"CH",2017,"Melissodes gilensis","Melissodes",8
"CH",2017,"Melissodes tristis","Melissodes",9
"CH",2017,"Paragus haemorrhous","Paragus",1
"CH",2017,"Pseudoscaeva diversifasciata","Pseudoscaeva",1
"CH",2017,"Sphecodes sp. a","Sphecodes",7
"CH",2017,"Sphecodes sp. b","Sphecodes",15
"CH",2017,"Toxomerus marginatus","Toxomerus",6
"CH",2017,"Triepeolus sp. a","Triepeolus",4
"CH",2017,"Xeromelecta californica","Xeromelecta",1
"CH",2017,"Xylocopa californica arizonensis","Xylocopa",2
"CH",2018,"Agapostemon angelicus","Agapostemon",1
"CH",2018,"Apis mellifera","Apis",6
"CH",2018,"Bombus sonorus","Bombus",1
"CH",2018,"Chrysotoxum sp. a","Chrysotoxum",3
"CH",2018,"Colletes compactus","Colletes",13
"CH",2018,"Colletes skinneri","Colletes",1
"CH",2018,"Lasioglossum desertum","Lasioglossum",4
"CH",2018,"Lasioglossum manitouellum","Lasioglossum",1
"CH",2018,"Lasioglossum ruidosense cf.","Lasioglossum",1
"CH",2018,"Megachile fidelis","Megachile",2
"CH",2018,"Megachile inimica sayi","Megachile",1
"CH",2018,"Megachile subexilis","Megachile",1
"CH",2018,"Megachile zapoteca","Megachile",1
"CH",2018,"Melissodes confusus","Melissodes",55
"CH",2018,"Nomada sp. d","Nomada",2
"CH",2018,"Paranthidium jugatorium","Paranthidium",1
"CH",2018,"Scaeva affinis","Scaeva",1
"CH",2018,"Svastra sila","Svastra",1
"CH",2018,"Triepeolus sp. a","Triepeolus",18
"CH",2021,"Allograpta obliqua","Allograpta",3
"CH",2021,"Anthidium maculosum","Anthidium",1
"CH",2021,"Anthophora montana","Anthophora",3
"CH",2021,"Anthophorula rufiventris","Anthophorula",1
"CH",2021,"Ceratina nanula","Ceratina",3
"CH",2021,"Colletes skinneri","Colletes",18
"CH",2021,"Copestylum anna","Copestylum",3
"CH",2021,"Copestylum haagii","Copestylum",1
"CH",2021,"Copestylum violaceum","Copestylum",1
"CH",2021,"Dufourea tinsleyi","Dufourea",18
"CH",2021,"Eristalis stipator","Eristalis",5
"CH",2021,"Halictus tripartitus","Halictus",1
"CH",2021,"Lasioglossum ruidosense","Lasioglossum",3
"CH",2021,"Lasioglossum semicaeruleum","Lasioglossum",1
"CH",2021,"Melissodes confusus","Melissodes",22
"CH",2021,"Melissodes tristis","Melissodes",1
"CH",2021,"Nomada sp. d","Nomada",3
"CH",2021,"Paranthidium jugatorium","Paranthidium",1
"CH",2021,"Toxomerus marginatus","Toxomerus",9
"CH",2021,"Triepeolus sp. a","Triepeolus",12
"CH",2022,"Apis mellifera","Apis",15
"CH",2022,"Bombus sonorus","Bombus",8
"CH",2022,"Colletes eulophi","Colletes",2
"CH",2022,"Eristalis stipator","Eristalis",1
"CH",2022,"Melissodes confusus","Melissodes",14
"CH",2022,"Triepeolus sp. a","Triepeolus",1
"CH",2022,"Xylocopa californica arizonensis","Xylocopa",1
"HM",2017,"Agapostemon angelicus","Agapostemon",20
"HM",2017,"Anthophora californica","Anthophora",1
"HM",2017,"Anthophora montana","Anthophora",12
"HM",2017,"Anthophora terminalis","Anthophora",4
"HM",2017,"Anthophora urbana","Anthophora",1
"HM",2017,"Apis mellifera","Apis",7
"HM",2017,"Bombus centralis","Bombus",13
"HM",2017,"Bombus fervidus","Bombus",3
"HM",2017,"Bombus huntii","Bombus",27
"HM",2017,"Bombus morrisoni","Bombus",4
"HM",2017,"Ceratina nanula","Ceratina",5
"HM",2017,"Cheilosia sp. a","Cheilosia",1
"HM",2017,"Chrysotoxum sp. a","Chrysotoxum",3
"HM",2017,"Colletes hyalinus hyalinus","Colletes",1
"HM",2017,"Copestylum avidum","Copestylum",4
"HM",2017,"Copestylum lentum","Copestylum",2
"HM",2017,"Copestylum mexicanum","Copestylum",8
"HM",2017,"Copestylum satur","Copestylum",1
"HM",2017,"Copestylum violaceum","Copestylum",232
"HM",2017,"Dasysyrphus sp. a","Dasysyrphus",2
"HM",2017,"Diadasia australis","Diadasia",1
"HM",2017,"Diadasia diminuta","Diadasia",1
"HM",2017,"Diadasia ochracea","Diadasia",1
"HM",2017,"Dufourea maura","Dufourea",3
"HM",2017,"Eristalis bellardii","Eristalis",26
"HM",2017,"Eristalis stipator","Eristalis",107
"HM",2017,"Eupeodes volucris","Eupeodes",1
"HM",2017,"Halictus ligatus","Halictus",16
"HM",2017,"Halictus tripartitus","Halictus",2
"HM",2017,"Hoplitis fulgida","Hoplitis",1
"HM",2017,"Hoplitis producta","Hoplitis",1
"HM",2017,"Hylaeus annulatus","Hylaeus",22
"HM",2017,"Hylaeus mesillae","Hylaeus",1
"HM",2017,"Hylaeus wootoni","Hylaeus",15
"HM",2017,"Lapposyrphus lapponicus","Lapposyrphus",1
"HM",2017,"Lasioglossum M2","Lasioglossum",1
"HM",2017,"Lasioglossum Z17","Lasioglossum",1
"HM",2017,"Lasioglossum aff. perparvum","Lasioglossum",6
"HM",2017,"Lasioglossum aquilae","Lasioglossum",19
"HM",2017,"Lasioglossum comulum aff.","Lasioglossum",2
"HM",2017,"Lasioglossum desertum","Lasioglossum",6
"HM",2017,"Lasioglossum hairy T1","Lasioglossum",5
"HM",2017,"Lasioglossum hudsoniellum","Lasioglossum",1
"HM",2017,"Lasioglossum laevissimum","Lasioglossum",1
"HM",2017,"Lasioglossum lusorium","Lasioglossum",1
"HM",2017,"Lasioglossum microlepoides","Lasioglossum",2
"HM",2017,"Lasioglossum obnubilum","Lasioglossum",6
"HM",2017,"Lasioglossum pacatum","Lasioglossum",6
"HM",2017,"Lasioglossum pacatum/viridatulum","Lasioglossum",50
"HM",2017,"Lasioglossum ruidosense cf.","Lasioglossum",11
"HM",2017,"Lasioglossum semicaeruleum","Lasioglossum",46
"HM",2017,"Lasioglossum sisymbrii","Lasioglossum",12
"HM",2017,"Lasioglossum sp. 5","Lasioglossum",1
"HM",2017,"Lasioglossum sp. s","Lasioglossum",2
"HM",2017,"Lasioglossum trizonatum","Lasioglossum",3
"HM",2017,"Megachile comata","Megachile",3
"HM",2017,"Megachile fidelis","Megachile",1
"HM",2017,"Megachile frigida","Megachile",8
"HM",2017,"Megachile inermis","Megachile",9
"HM",2017,"Megachile melanophaea","Megachile",1
"HM",2017,"Megachile melanophaea rohweri","Megachile",2
"HM",2017,"Megachile mellitarsis","Megachile",2
"HM",2017,"Megachile relativa","Megachile",34
"HM",2017,"Melissodes confusus","Melissodes",30
"HM",2017,"Melissodes gilensis","Melissodes",2
"HM",2017,"Melissodes tristis","Melissodes",3
"HM",2017,"Osmia albolateralis","Osmia",3
"HM",2017,"Osmia montana montana","Osmia",1
"HM",2017,"Osmia pentstemonis","Osmia",1
"HM",2017,"Osmia simillima","Osmia",1
"HM",2017,"Pseudoscaeva diversifasciata","Pseudoscaeva",1
"HM",2017,"Sphecodes sp. a","Sphecodes",1
"HM",2017,"Sphecodes sp. b","Sphecodes",18
"HM",2017,"Stelis elegans","Stelis",1
"HM",2017,"Syrphus opinator","Syrphus",3
"HM",2017,"Syrphus ribesii","Syrphus",5
"HM",2017,"Toxomerus marginatus","Toxomerus",4
"HM",2018,"Agapostemon angelicus","Agapostemon",1
"HM",2018,"Anthophora terminalis","Anthophora",3
"HM",2018,"Apis mellifera","Apis",39
"HM",2018,"Bombus centralis","Bombus",15
"HM",2018,"Bombus flavifrons","Bombus",2
"HM",2018,"Bombus huntii","Bombus",8
"HM",2018,"Bombus rufocinctus","Bombus",1
"HM",2018,"Cheilosia sp. a","Cheilosia",2
"HM",2018,"Colletes bryanti","Colletes",1
"HM",2018,"Colletes sp. 4","Colletes",1
"HM",2018,"Copestylum lentum","Copestylum",1
"HM",2018,"Diadasia diminuta","Diadasia",1
"HM",2018,"Dufourea maura","Dufourea",3
"HM",2018,"Eristalis bellardii","Eristalis",3
"HM",2018,"Eristalis stipator","Eristalis",1
"HM",2018,"Eupeodes fumipennis","Eupeodes",1
"HM",2018,"Eupeodes snowi","Eupeodes",1
"HM",2018,"Halictus tripartitus","Halictus",2
"HM",2018,"Heriades cressoni","Heriades",5
"HM",2018,"Hylaeus annulatus","Hylaeus",11
"HM",2018,"Hylaeus mesillae","Hylaeus",2
"HM",2018,"Hylaeus sp. b","Hylaeus",1
"HM",2018,"Hylaeus sp. c","Hylaeus",7
"HM",2018,"Lasioglossum aquilae","Lasioglossum",27
"HM",2018,"Lasioglossum obnubilum","Lasioglossum",1
"HM",2018,"Lasioglossum pacatum","Lasioglossum",28
"HM",2018,"Lasioglossum pacatum/viridatulum","Lasioglossum",22
"HM",2018,"Lasioglossum ruidosense cf.","Lasioglossum",14
"HM",2018,"Lasioglossum trizonatum","Lasioglossum",3
"HM",2018,"Megachile comata","Megachile",1
"HM",2018,"Megachile fidelis","Megachile",3
"HM",2018,"Megachile frigida","Megachile",10
"HM",2018,"Megachile mellitarsis","Megachile",2
"HM",2018,"Megachile relativa","Megachile",5
"HM",2018,"Melissodes confusus","Melissodes",21
"HM",2018,"Scaeva affinis","Scaeva",1
"HM",2018,"Sphecodes sp. a","Sphecodes",2
"HM",2018,"Sphecodes sp. b","Sphecodes",2
"HM",2018,"Syrphus opinator","Syrphus",2
"HM",2018,"Syrphus ribesii","Syrphus",1
"HM",2018,"Triepeolus sp. a","Triepeolus",3
"HM",2018,"Triepeolus sp. b","Triepeolus",2
"HM",2021,"Allograpta obliqua","Allograpta",1
"HM",2021,"Anthidium maculosum","Anthidium",1
"HM",2021,"Anthophora montana","Anthophora",1
"HM",2021,"Apis mellifera","Apis",28
"HM",2021,"Asemosyrphus polygrammus","Asemosyrphus",2
"HM",2021,"Bombus centralis","Bombus",53
"HM",2021,"Bombus fervidus","Bombus",13
"HM",2021,"Bombus flavifrons","Bombus",7
"HM",2021,"Bombus huntii","Bombus",34
"HM",2021,"Ceratina nanula","Ceratina",1
"HM",2021,"Ceratina neomexicana","Ceratina",1
"HM",2021,"Colletes compactus","Colletes",2
"HM",2021,"Colletes eulophi","Colletes",1
"HM",2021,"Colletes gilensis","Colletes",1
"HM",2021,"Colletes slevini","Colletes",3
"HM",2021,"Dasysyrphus sp. a","Dasysyrphus",3
"HM",2021,"Dufourea maura","Dufourea",11
"HM",2021,"Eristalis stipator","Eristalis",7
"HM",2021,"Halictus confusus","Halictus",7
"HM",2021,"Halictus ligatus","Halictus",7
"HM",2021,"Halictus tripartitus","Halictus",15
"HM",2021,"Heriades crucifera","Heriades",1
"HM",2021,"Hylaeus annulatus","Hylaeus",15
"HM",2021,"Hylaeus mesillae","Hylaeus",6
"HM",2021,"Lapposyrphus lapponicus","Lapposyrphus",2
"HM",2021,"Lasioglossum aquilae","Lasioglossum",55
"HM",2021,"Lasioglossum deludens","Lasioglossum",1
"HM",2021,"Lasioglossum egregium","Lasioglossum",5
"HM",2021,"Lasioglossum pacatum","Lasioglossum",18
"HM",2021,"Lasioglossum pacatum/viridatulum","Lasioglossum",87
"HM",2021,"Lasioglossum ruidosense","Lasioglossum",21
"HM",2021,"Lasioglossum ruidosense cf.","Lasioglossum",3
"HM",2021,"Lasioglossum semicaeruleum","Lasioglossum",31
"HM",2021,"Lassioglossum obnolium","Lassioglossum",2
"HM",2021,"Lassioglossum semicaeruleum","Lassioglossum",2
"HM",2021,"Megachile comata","Megachile",1
"HM",2021,"Megachile frigida","Megachile",1
"HM",2021,"Megachile melanophaea rohweri","Megachile",1
"HM",2021,"Melissodes confusus","Melissodes",4
"HM",2021,"Melissodes tristis","Melissodes",1
"HM",2021,"Platycheirus sp. a","Platycheirus",2
"HM",2021,"Platycheirus spp.","Platycheirus",1
"HM",2021,"Scaeva affinis","Scaeva",2
"HM",2021,"Sphaerophoria spp","Sphaerophoria",1
"HM",2021,"Syrphus sp. a","Syrphus",6
"HM",2021,"Toxomerus marginatus","Toxomerus",60
"HM",2022,"Anthophora terminalis","Anthophora",1
"HM",2022,"Apis mellifera","Apis",3
"HM",2022,"Bombus centralis","Bombus",54
"HM",2022,"Bombus fervidus","Bombus",2
"HM",2022,"Bombus flavidus","Bombus",1
"HM",2022,"Bombus huntii","Bombus",211
"HM",2022,"Chrysogaster sp. a","Chrysogaster",1
"HM",2022,"Coelioxys moesta","Coelioxys",1
"HM",2022,"Copestylum violaceum","Copestylum",3
"HM",2022,"Dufourea maura","Dufourea",7
"HM",2022,"Eristalis bellardii","Eristalis",2
"HM",2022,"Halictus ligatus","Halictus",2
"HM",2022,"Hylaeus annulatus","Hylaeus",1
"HM",2022,"Lasioglossum aquilae","Lasioglossum",1
"HM",2022,"Lasioglossum pacatum/viridatulum","Lasioglossum",2
"HM",2022,"Megachile frigida","Megachile",21
"HM",2022,"Melissodes confusus","Melissodes",2
"HM",2022,"Scaeva affinis","Scaeva",1
"HM",2022,"Syrphus sp. a","Syrphus",4
"JC",2012,"Agapostemon angelicus","Agapostemon",20
"JC",2012,"Allograpta obliqua","Allograpta",2
"JC",2012,"Anthidium tenuiflorae","Anthidium",1
"JC",2012,"Anthophora montana","Anthophora",5
"JC",2012,"Anthophora terminalis","Anthophora",1
"JC",2012,"Blera confusa","Blera",1
"JC",2012,"Bombus bifarius","Bombus",58
"JC",2012,"Bombus flavifrons","Bombus",20
"JC",2012,"Bombus huntii","Bombus",1
"JC",2012,"Bombus occidentalis","Bombus",2
"JC",2012,"Bombus rufocinctus","Bombus",37
"JC",2012,"Cheilosia sp. a","Cheilosia",2
"JC",2012,"Coelioxys sodalis","Coelioxys",1
"JC",2012,"Dufourea fimbriata","Dufourea",20
"JC",2012,"Dufourea maura","Dufourea",2
"JC",2012,"Eristalis arbustorum","Eristalis",1
"JC",2012,"Eristalis hirta","Eristalis",2
"JC",2012,"Eristalis stipator","Eristalis",39
"JC",2012,"Eristalis tenax","Eristalis",1
"JC",2012,"Eupeodes volucris","Eupeodes",2
"JC",2012,"Halictus rubicundus","Halictus",6
"JC",2012,"Hammerschmidtia rufa","Hammerschmidtia",1
"JC",2012,"Hylaeus annulatus","Hylaeus",7
"JC",2012,"Hylaeus wootoni","Hylaeus",3
"JC",2012,"Lapposyrphus lapponicus","Lapposyrphus",2
"JC",2012,"Lasioglossum aquilae","Lasioglossum",53
"JC",2012,"Lasioglossum laevissimum","Lasioglossum",13
"JC",2012,"Lasioglossum lusorium","Lasioglossum",2
"JC",2012,"Lasioglossum obnubilum","Lasioglossum",3
"JC",2012,"Lasioglossum occultum cf.","Lasioglossum",2
"JC",2012,"Lasioglossum prasinogaster","Lasioglossum",1
"JC",2012,"Lasioglossum ruidosense cf.","Lasioglossum",17
"JC",2012,"Lasioglossum sedi","Lasioglossum",2
"JC",2012,"Lasioglossum semicaeruleum","Lasioglossum",16
"JC",2012,"Lasioglossum sisymbrii","Lasioglossum",3
"JC",2012,"Lejops polygrammus","Lejops",3
"JC",2012,"Megachile frigida","Megachile",11
"JC",2012,"Megachile gemula fulvogemula","Megachile",1
"JC",2012,"Megachile melanophaea","Megachile",5
"JC",2012,"Megachile melanophaea rohweri","Megachile",1
"JC",2012,"Megachile relativa","Megachile",2
"JC",2012,"Melissodes confusus","Melissodes",10
"JC",2012,"Melissodes coreopsis","Melissodes",1
"JC",2012,"Melissodes menuachus","Melissodes",2
"JC",2012,"Melissodes sp. a","Melissodes",1
"JC",2012,"Melissodes sp. b","Melissodes",1
"JC",2012,"Melissodes tristis","Melissodes",8
"JC",2012,"Osmia juxta","Osmia",2
"JC",2012,"Pipizini sp. a","Pipizini",1
"JC",2012,"Platycheirus confusus","Platycheirus",1
"JC",2012,"Platycheirus stegnus","Platycheirus",1
"JC",2012,"Sericomyia flagrans","Sericomyia",9
"JC",2012,"Sphecodes sp. b","Sphecodes",4
"JC",2012,"Syrphus opinator","Syrphus",2
"JC",2012,"Syrphus ribesii","Syrphus",2
"JC",2012,"Toxomerus marginatus","Toxomerus",1
"JC",2012,"Xylota sp. b","Xylota",3
"JC",2012,"Xylota sp. c","Xylota",1
"JC",2017,"Agapostemon angelicus","Agapostemon",27
"JC",2017,"Anthidium sonorense","Anthidium",1
"JC",2017,"Anthidium tenuiflorae","Anthidium",1
"JC",2017,"Anthophora montana","Anthophora",2
"JC",2017,"Anthophora terminalis","Anthophora",11
"JC",2017,"Anthophora urbana","Anthophora",5
"JC",2017,"Bombus appositus","Bombus",3
"JC",2017,"Bombus bifarius","Bombus",33
"JC",2017,"Bombus centralis","Bombus",10
"JC",2017,"Bombus flavifrons","Bombus",11
"JC",2017,"Bombus morrisoni","Bombus",1
"JC",2017,"Bombus nevadensis","Bombus",2
"JC",2017,"Bombus occidentalis","Bombus",1
"JC",2017,"Bombus rufocinctus","Bombus",77
"JC",2017,"Ceratina nanula","Ceratina",1
"JC",2017,"Cheilosia sp. a","Cheilosia",9
"JC",2017,"Chrysotoxum sp. a","Chrysotoxum",2
"JC",2017,"Colletes gilensis","Colletes",1
"JC",2017,"Colletes lutzi lutzi","Colletes",1
"JC",2017,"Colletes nigrifrons","Colletes",22
"JC",2017,"Colletes phaceliae","Colletes",2
"JC",2017,"Colletes sp. 1","Colletes",1
"JC",2017,"Copestylum avidum","Copestylum",1
"JC",2017,"Copestylum lentum","Copestylum",1
"JC",2017,"Dufourea fimbriata","Dufourea",2
"JC",2017,"Dufourea harveyi","Dufourea",1
"JC",2017,"Dufourea maura","Dufourea",4
"JC",2017,"Eristalis stipator","Eristalis",28
"JC",2017,"Eupeodes volucris","Eupeodes",2
"JC",2017,"Halictus farinosus","Halictus",1
"JC",2017,"Halictus ligatus","Halictus",3
"JC",2017,"Halictus rubicundus","Halictus",3
"JC",2017,"Hylaeus annulatus","Hylaeus",3
"JC",2017,"Hylaeus basalis","Hylaeus",2
"JC",2017,"Hylaeus mesillae","Hylaeus",1
"JC",2017,"Hylaeus wootoni","Hylaeus",2
"JC",2017,"Lasioglossum M2","Lasioglossum",1
"JC",2017,"Lasioglossum Z17","Lasioglossum",1
"JC",2017,"Lasioglossum aff. perparvum","Lasioglossum",8
"JC",2017,"Lasioglossum aquilae","Lasioglossum",11
"JC",2017,"Lasioglossum comulum aff.","Lasioglossum",1
"JC",2017,"Lasioglossum cooleyi","Lasioglossum",2
"JC",2017,"Lasioglossum desertum","Lasioglossum",1
"JC",2017,"Lasioglossum hairy T1","Lasioglossum",1
"JC",2017,"Lasioglossum hudsoniellum","Lasioglossum",2
"JC",2017,"Lasioglossum knereri*","Lasioglossum",1
"JC",2017,"Lasioglossum laevissimum","Lasioglossum",3
"JC",2017,"Lasioglossum lusorium","Lasioglossum",5
"JC",2017,"Lasioglossum obnubilum","Lasioglossum",31
"JC",2017,"Lasioglossum occidentale","Lasioglossum",1
"JC",2017,"Lasioglossum pacatum/viridatulum","Lasioglossum",4
"JC",2017,"Lasioglossum ruidosense","Lasioglossum",3
"JC",2017,"Lasioglossum ruidosense cf.","Lasioglossum",25
"JC",2017,"Lasioglossum semicaeruleum","Lasioglossum",30
"JC",2017,"Lasioglossum sisymbrii","Lasioglossum",6
"JC",2017,"Lasioglossum sp. 1","Lasioglossum",2
"JC",2017,"Lasioglossum sp. 4","Lasioglossum",1
"JC",2017,"Megachile frigida","Megachile",4
"JC",2017,"Megachile gemula","Megachile",3
"JC",2017,"Megachile melanophaea","Megachile",40
"JC",2017,"Megachile melanophaea rohweri","Megachile",2
"JC",2017,"Megachile relativa","Megachile",1
"JC",2017,"Melissodes confusus","Melissodes",2
"JC",2017,"Melissodes tristis","Melissodes",5
"JC",2017,"Nomada sp. c","Nomada",1
"JC",2017,"Osmia albolateralis","Osmia",1
"JC",2017,"Osmia bucephala","Osmia",4
"JC",2017,"Osmia juxta","Osmia",1
"JC",2017,"Pipizini sp. a","Pipizini",1
"JC",2017,"Sphecodes sp. a","Sphecodes",1
"JC",2017,"Sphecodes sp. b","Sphecodes",21
"JC",2017,"Volucella facialis","Volucella",2
"JC",2018,"Agapostemon angelicus","Agapostemon",3
"JC",2018,"Anthidium tenuiflorae","Anthidium",2
"JC",2018,"Anthophora montana","Anthophora",3
"JC",2018,"Anthophora terminalis","Anthophora",1
"JC",2018,"Bombus bifarius","Bombus",11
"JC",2018,"Bombus centralis","Bombus",13
"JC",2018,"Bombus flavifrons","Bombus",3
"JC",2018,"Bombus huntii","Bombus",4
"JC",2018,"Bombus nevadensis","Bombus",1
"JC",2018,"Bombus rufocinctus","Bombus",3
"JC",2018,"Chrysotoxum sp. a","Chrysotoxum",1
"JC",2018,"Dufourea maura","Dufourea",3
"JC",2018,"Eristalis stipator","Eristalis",1
"JC",2018,"Eristalis tenax","Eristalis",1
"JC",2018,"Eupeodes fumipennis","Eupeodes",1
"JC",2018,"Eupeodes volucris","Eupeodes",1
"JC",2018,"Halictus confusus","Halictus",1
"JC",2018,"Halictus ligatus","Halictus",3
"JC",2018,"Halictus rubicundus","Halictus",5
"JC",2018,"Heringia sp. a","Heringia",1
"JC",2018,"Hylaeus annulatus","Hylaeus",2
"JC",2018,"Hylaeus mesillae","Hylaeus",1
"JC",2018,"Hylaeus sp. a","Hylaeus",1
"JC",2018,"Hylaeus sp. c","Hylaeus",3
"JC",2018,"Lapposyrphus lapponicus","Lapposyrphus",1
"JC",2018,"Lasioglossum aquilae","Lasioglossum",8
"JC",2018,"Lasioglossum laevissimum","Lasioglossum",4
"JC",2018,"Lasioglossum obnubilum","Lasioglossum",17
"JC",2018,"Lasioglossum pacatum","Lasioglossum",12
"JC",2018,"Lasioglossum ruidosense","Lasioglossum",3
"JC",2018,"Lasioglossum ruidosense cf.","Lasioglossum",14
"JC",2018,"Lasioglossum semicaeruleum","Lasioglossum",1
"JC",2018,"Lasioglossum sp. s","Lasioglossum",1
"JC",2018,"Lassioglossum obnolium","Lassioglossum",3
"JC",2018,"Megachile agustini","Megachile",1
"JC",2018,"Megachile gemula fulvogemula","Megachile",2
"JC",2018,"Melissodes confusus","Melissodes",3
"JC",2018,"Parasyrphus relictus","Parasyrphus",1
"JC",2018,"Platycheirus sp. a","Platycheirus",1
"JC",2018,"Scaeva affinis","Scaeva",3
"JC",2018,"Sphecodes sp. a","Sphecodes",1
"JC",2018,"Sphecodes sp. b","Sphecodes",5
"JC",2018,"Syrphus opinator","Syrphus",1
"JC",2021,"Agapostemon angelicus","Agapostemon",2
"JC",2021,"Allograpta obliqua","Allograpta",1
"JC",2021,"Apis mellifera","Apis",14
"JC",2021,"Asemosyrphus polygrammus","Asemosyrphus",2
"JC",2021,"Bombus bifarius","Bombus",97
"JC",2021,"Bombus centralis","Bombus",46
"JC",2021,"Bombus flavifrons","Bombus",7
"JC",2021,"Bombus huntii","Bombus",2
"JC",2021,"Bombus mixtus","Bombus",6
"JC",2021,"Bombus nevadensis","Bombus",4
"JC",2021,"Bombus rufocinctus","Bombus",37
"JC",2021,"Bombus sonorus","Bombus",3
"JC",2021,"Cheilosia sp. a","Cheilosia",3
"JC",2021,"Chrysogaster sp. a","Chrysogaster",2
"JC",2021,"Colletes nigrifrons","Colletes",2
"JC",2021,"Dasysyrphus sp. a","Dasysyrphus",1
"JC",2021,"Dufourea maura","Dufourea",74
"JC",2021,"Dufourea tinsleyi","Dufourea",1
"JC",2021,"Eristalis stipator","Eristalis",51
"JC",2021,"Eupeodes volucris","Eupeodes",8
"JC",2021,"Halictus rubicundus","Halictus",3
"JC",2021,"Halictus tripartitus","Halictus",2
"JC",2021,"Helophilus latifrons","Helophilus",2
"JC",2021,"Hoplitis fulgida","Hoplitis",1
"JC",2021,"Hylaeus annulatus","Hylaeus",9
"JC",2021,"Hylaeus mesillae","Hylaeus",2
"JC",2021,"Lapposyrphus lapponicus","Lapposyrphus",5
"JC",2021,"Lasioglossum aquilae","Lasioglossum",10
"JC",2021,"Lasioglossum obnubilum","Lasioglossum",1
"JC",2021,"Lasioglossum pacatum","Lasioglossum",10
"JC",2021,"Lasioglossum pacatum/viridatulum","Lasioglossum",6
"JC",2021,"Lasioglossum ruidosense","Lasioglossum",19
"JC",2021,"Lasioglossum ruidosense cf.","Lasioglossum",2
"JC",2021,"Lasioglossum semicaeruleum","Lasioglossum",4
"JC",2021,"Lasioglossum sisymbrii","Lasioglossum",5
"JC",2021,"Lassioglossum obnolium","Lassioglossum",9
"JC",2021,"Lassioglossum semicaeruleum","Lassioglossum",1
"JC",2021,"Megachile frigida","Megachile",3
"JC",2021,"Megachile melanophaea rohweri","Megachile",8
"JC",2021,"Melissodes confusus","Melissodes",4
"JC",2021,"Platycheirus sp. a","Platycheirus",11
"JC",2021,"Sericomyia flagrans","Sericomyia",4
"JC",2021,"Toxomerus marginatus","Toxomerus",17
"MM",2012,"Agapostemon angelicus","Agapostemon",2
"MM",2012,"Anthidium maculosum","Anthidium",3
"MM",2012,"Anthophora montana","Anthophora",5
"MM",2012,"Anthophora urbana","Anthophora",24
"MM",2012,"Apis mellifera","Apis",45
"MM",2012,"Bombus centralis","Bombus",1
"MM",2012,"Bombus flavifrons","Bombus",34
"MM",2012,"Bombus huntii","Bombus",104
"MM",2012,"Bombus morrisoni","Bombus",6
"MM",2012,"Bombus rufocinctus","Bombus",1
"MM",2012,"Chamaesyrphus willistoni","Chamaesyrphus",12
"MM",2012,"Chrysotoxum sp. a","Chrysotoxum",105
"MM",2012,"Colletes skinneri","Colletes",3
"MM",2012,"Copestylum anna","Copestylum",71
"MM",2012,"Copestylum avidum","Copestylum",67
"MM",2012,"Copestylum comstocki","Copestylum",2
"MM",2012,"Copestylum haagii","Copestylum",5
"MM",2012,"Copestylum lentum","Copestylum",84
"MM",2012,"Copestylum mexicanum","Copestylum",1
"MM",2012,"Copestylum victoria","Copestylum",1
"MM",2012,"Copestylum violaceum","Copestylum",69
"MM",2012,"Dasysyrphus sp. a","Dasysyrphus",1
"MM",2012,"Diadasia diminuta","Diadasia",1
"MM",2012,"Didea fuscipes","Didea",3
"MM",2012,"Eristalis stipator","Eristalis",4
"MM",2012,"Eristalis tenax","Eristalis",1
"MM",2012,"Eupeodes volucris","Eupeodes",3
"MM",2012,"Halictus tripartitus","Halictus",1
"MM",2012,"Lasioglossum perdifficile","Lasioglossum",1
"MM",2012,"Lasioglossum ruidosense cf.","Lasioglossum",6
"MM",2012,"Lasioglossum semicaeruleum","Lasioglossum",12
"MM",2012,"Lasioglossum sisymbrii","Lasioglossum",4
"MM",2012,"Lejops polygrammus","Lejops",1
"MM",2012,"Megachile comata","Megachile",2
"MM",2012,"Megachile frigida","Megachile",4
"MM",2012,"Megachile melanophaea rohweri","Megachile",1
"MM",2012,"Platycheirus spinipes","Platycheirus",1
"MM",2012,"Xylota sp. a","Xylota",1
"MM",2017,"Agapostemon angelicus","Agapostemon",134
"MM",2017,"Anthidium maculosum","Anthidium",7
"MM",2017,"Anthophora californica","Anthophora",2
"MM",2017,"Anthophora montana","Anthophora",117
"MM",2017,"Anthophora terminalis","Anthophora",2
"MM",2017,"Anthophora urbana","Anthophora",52
"MM",2017,"Apis mellifera","Apis",43
"MM",2017,"Augochlorella sp. a","Augochlorella",2
"MM",2017,"Bombus bifarius","Bombus",2
"MM",2017,"Bombus centralis","Bombus",21
"MM",2017,"Bombus fervidus","Bombus",1
"MM",2017,"Bombus huntii","Bombus",247
"MM",2017,"Bombus rufocinctus","Bombus",6
"MM",2017,"Ceratina nanula","Ceratina",4
"MM",2017,"Cheilosia sp. a","Cheilosia",1
"MM",2017,"Chrysotoxum sp. a","Chrysotoxum",7
"MM",2017,"Colletes eulophi","Colletes",2
"MM",2017,"Colletes gilensis","Colletes",2
"MM",2017,"Colletes scopiventer","Colletes",1
"MM",2017,"Colletes slevini","Colletes",1
"MM",2017,"Colletes sp. 3","Colletes",1
"MM",2017,"Conanthalictus conanthi","Conanthalictus",1
"MM",2017,"Copestylum anna","Copestylum",6
"MM",2017,"Copestylum avidum","Copestylum",25
"MM",2017,"Copestylum haagii","Copestylum",2
"MM",2017,"Copestylum lentum","Copestylum",24
"MM",2017,"Copestylum marginatum group","Copestylum",2
"MM",2017,"Copestylum mexicanum","Copestylum",1
"MM",2017,"Copestylum satur","Copestylum",1
"MM",2017,"Copestylum violaceum","Copestylum",48
"MM",2017,"Dasysyrphus sp. a","Dasysyrphus",5
"MM",2017,"Diadasia australis","Diadasia",15
"MM",2017,"Diadasia diminuta","Diadasia",2
"MM",2017,"Eristalis stipator","Eristalis",40
"MM",2017,"Eupeodes fumipennis","Eupeodes",1
"MM",2017,"Eupeodes volucris","Eupeodes",1
"MM",2017,"Halictus ligatus","Halictus",23
"MM",2017,"Halictus tripartitus","Halictus",15
"MM",2017,"Hylaeus annulatus","Hylaeus",2
"MM",2017,"Hylaeus wootoni","Hylaeus",2
"MM",2017,"Lapposyrphus lapponicus","Lapposyrphus",1
"MM",2017,"Lasioglossum M2","Lasioglossum",6
"MM",2017,"Lasioglossum Z17","Lasioglossum",2
"MM",2017,"Lasioglossum aff. perparvum","Lasioglossum",9
"MM",2017,"Lasioglossum arcanum species complex","Lasioglossum",1
"MM",2017,"Lasioglossum comulum","Lasioglossum",2
"MM",2017,"Lasioglossum comulum aff.","Lasioglossum",6
"MM",2017,"Lasioglossum cooleyi","Lasioglossum",6
"MM",2017,"Lasioglossum deludens","Lasioglossum",1
"MM",2017,"Lasioglossum desertum","Lasioglossum",8
"MM",2017,"Lasioglossum egregium","Lasioglossum",3
"MM",2017,"Lasioglossum hairy T1","Lasioglossum",2
"MM",2017,"Lasioglossum heterorhinum","Lasioglossum",28
"MM",2017,"Lasioglossum hudsoniellum","Lasioglossum",4
"MM",2017,"Lasioglossum lusorium","Lasioglossum",9
"MM",2017,"Lasioglossum mountain tegulare species group","Lasioglossum",1
"MM",2017,"Lasioglossum obnubilum","Lasioglossum",1
"MM",2017,"Lasioglossum pacatum/viridatulum","Lasioglossum",11
"MM",2017,"Lasioglossum ruidosense","Lasioglossum",1
"MM",2017,"Lasioglossum ruidosense cf.","Lasioglossum",3
"MM",2017,"Lasioglossum semicaeruleum","Lasioglossum",42
"MM",2017,"Lasioglossum sisymbrii","Lasioglossum",262
"MM",2017,"Lasioglossum sp. 4","Lasioglossum",1
"MM",2017,"Lasioglossum sp. e","Lasioglossum",1
"MM",2017,"Lasioglossum trizonatum","Lasioglossum",1
"MM",2017,"Megachile comata","Megachile",7
"MM",2017,"Megachile fidelis","Megachile",1
"MM",2017,"Megachile frigida","Megachile",2
"MM",2017,"Megachile lippiae","Megachile",1
"MM",2017,"Megachile melanophaea rohweri","Megachile",4
"MM",2017,"Megachile subexilis","Megachile",1
"MM",2017,"Melissodes confusus","Melissodes",1
"MM",2017,"Melissodes gilensis","Melissodes",2
"MM",2017,"Melissodes tristis","Melissodes",107
"MM",2017,"Osmia juxta","Osmia",1
"MM",2017,"Osmia subaustralis","Osmia",1
"MM",2017,"Paragus haemorrhous","Paragus",2
"MM",2017,"Sphecodes sp. a","Sphecodes",14
"MM",2017,"Sphecodes sp. b","Sphecodes",78
"MM",2017,"Toxomerus marginatus","Toxomerus",1
"MM",2017,"Triepeolus sp. b","Triepeolus",11
"MM",2017,"Xeromelecta californica","Xeromelecta",1
"MM",2018,"Agapostemon angelicus","Agapostemon",1
"MM",2018,"Anthidium maculosum","Anthidium",4
"MM",2018,"Anthophora montana","Anthophora",5
"MM",2018,"Apis mellifera","Apis",66
"MM",2018,"Asemosyrphus crandialli","Asemosyrphus",1
"MM",2018,"Bombus centralis","Bombus",3
"MM",2018,"Bombus huntii","Bombus",3
"MM",2018,"Bombus morrisoni","Bombus",1
"MM",2018,"Chrysotoxum sp. a","Chrysotoxum",6
"MM",2018,"Colletes bryanti","Colletes",7
"MM",2018,"Colletes gilensis","Colletes",6
"MM",2018,"Colletes skinneri","Colletes",9
"MM",2018,"Colletes slevini","Colletes",1
"MM",2018,"Copestylum avidum","Copestylum",3
"MM",2018,"Copestylum lentum","Copestylum",2
"MM",2018,"Copestylum violaceum","Copestylum",9
"MM",2018,"Dasysyrphus sp. a","Dasysyrphus",2
"MM",2018,"Eristalis stipator","Eristalis",7
"MM",2018,"Lapposyrphus lapponicus","Lapposyrphus",2
"MM",2018,"Lasioglossum M2","Lasioglossum",1
"MM",2018,"Lasioglossum aquilae","Lasioglossum",1
"MM",2018,"Lasioglossum desertum","Lasioglossum",10
"MM",2018,"Lasioglossum egregium","Lasioglossum",1
"MM",2018,"Lasioglossum heterorhinum","Lasioglossum",1
"MM",2018,"Lasioglossum semicaeruleum","Lasioglossum",3
"MM",2018,"Megachile comata","Megachile",6
"MM",2018,"Megachile fidelis","Megachile",1
"MM",2018,"Megachile frigida","Megachile",2
"MM",2018,"Megachile mellitarsis","Megachile",1
"MM",2018,"Megachile subexilis","Megachile",14
"MM",2018,"Melissodes confusus","Melissodes",1
"MM",2018,"Scaeva affinis","Scaeva",9
"MM",2018,"Sphecodes sp. a","Sphecodes",1
"MM",2018,"Sphecodes sp. b","Sphecodes",5
"MM",2018,"Syrphus ribesii","Syrphus",1
"MM",2018,"Toxomerus marginatus","Toxomerus",1
"MM",2021,"Anthidium manicatum","Anthidium",1
"MM",2021,"Anthophora urbana","Anthophora",1
"MM",2021,"Apis mellifera","Apis",133
"MM",2021,"Bombus centralis","Bombus",15
"MM",2021,"Colletes gilensis","Colletes",34
"MM",2021,"Copestylum avidum","Copestylum",1
"MM",2021,"Copestylum violaceum","Copestylum",1
"MM",2021,"Dasysyrphus sp. a","Dasysyrphus",1
"MM",2021,"Eristalis stipator","Eristalis",3
"MM",2021,"Eristalis tenax","Eristalis",1
"MM",2021,"Eupeodes spp.","Eupeodes",1
"MM",2021,"Eupeodes volucris","Eupeodes",2
"MM",2021,"Lapposyrphus lapponicus","Lapposyrphus",5
"MM",2021,"Lasioglossum semicaeruleum","Lasioglossum",1
"MM",2021,"Megachile comata","Megachile",10
"MM",2021,"Megachile melanophaea rohweri","Megachile",2
"MM",2021,"Melissodes confusus","Melissodes",9
"MM",2021,"Scaeva affinis","Scaeva",1
"MM",2021,"Sphaerophoria spp","Sphaerophoria",1
"MM",2021,"Syrphus sp. a","Syrphus",3
"MM",2021,"Toxomerus marginatus","Toxomerus",12
"MM",2022,"Allograpta obliqua","Allograpta",1
"MM",2022,"Apis mellifera","Apis",41
"MM",2022,"Bombus centralis","Bombus",75
"MM",2022,"Bombus huntii","Bombus",5
"MM",2022,"Copestylum avidum","Copestylum",12
"MM",2022,"Didea fuscipes","Didea",9
"MM",2022,"Eristalis stipator","Eristalis",6
"MM",2022,"Lasioglossum desertum","Lasioglossum",1
"MM",2022,"Lasioglossum ruidosense cf.","Lasioglossum",5
"MM",2022,"Megachile","Megachile",1
"MM",2022,"Megachile melanophaea rohweri","Megachile",1
"MM",2022,"Megachile mellitarsis","Megachile",1
"MM",2022,"Syrphus sp. a","Syrphus",3
"PL",2012,"Agapostemon angelicus","Agapostemon",3
"PL",2012,"Allograpta exotica","Allograpta",1
"PL",2012,"Anthophora californica","Anthophora",1
"PL",2012,"Anthophora montana","Anthophora",28
"PL",2012,"Anthophora terminalis","Anthophora",28
"PL",2012,"Apis mellifera","Apis",85
"PL",2012,"Bombus centralis","Bombus",55
"PL",2012,"Cheilosia sp. a","Cheilosia",66
"PL",2012,"Colletes skinneri","Colletes",1
"PL",2012,"Copestylum avidum","Copestylum",10
"PL",2012,"Copestylum lentum","Copestylum",1
"PL",2012,"Copestylum marginatum group","Copestylum",6
"PL",2012,"Copestylum mexicanum","Copestylum",1
"PL",2012,"Copestylum violaceum","Copestylum",7
"PL",2012,"Dasysyrphus sp. a","Dasysyrphus",1
"PL",2012,"Diadasia diminuta","Diadasia",1
"PL",2012,"Dieunomia nevadensis arizonensis","Dieunomia",1
"PL",2012,"Eristalis stipator","Eristalis",6
"PL",2012,"Halictus ligatus","Halictus",3
"PL",2012,"Halictus tripartitus","Halictus",1
"PL",2012,"Lasioglossum desertum","Lasioglossum",1
"PL",2012,"Lasioglossum ruidosense cf.","Lasioglossum",9
"PL",2012,"Lasioglossum semicaeruleum","Lasioglossum",7
"PL",2012,"Lasioglossum sisymbrii","Lasioglossum",1
"PL",2012,"Megachile fidelis","Megachile",1
"PL",2012,"Megachile frigida","Megachile",23
"PL",2012,"Megachile inimica sayi","Megachile",1
"PL",2012,"Megachile melanophaea rohweri","Megachile",1
"PL",2012,"Megachile policaris","Megachile",1
"PL",2012,"Melangyna lasiophthalma","Melangyna",2
"PL",2012,"Meligramma guttata","Meligramma",1
"PL",2012,"Melissodes confusus","Melissodes",64
"PL",2012,"Melissodes gilensis","Melissodes",1
"PL",2012,"Melissodes limbus","Melissodes",1
"PL",2012,"Melissodes paroselae","Melissodes",1
"PL",2012,"Melissodes tristis","Melissodes",3
"PL",2012,"Melissodes verbesinarum","Melissodes",2
"PL",2012,"Pipizini sp. a","Pipizini",2
"PL",2012,"Platycheirus stegnus","Platycheirus",1
"PL",2012,"Ptilothrix sp. a"," Ptilothrix",1
"PL",2012,"Svastra machaerantherae","Svastra",2
"PL",2012,"Svastra sp. a","Svastra",1
"PL",2012,"Tetraloniella lippiae","Tetraloniella",1
"PL",2012,"Xylocopa californica arizonensis","Xylocopa",10
"PL",2017,"Agapostemon angelicus","Agapostemon",5
"PL",2017,"Anthophora montana","Anthophora",1
"PL",2017,"Anthophora terminalis","Anthophora",1
"PL",2017,"Apis mellifera","Apis",1
"PL",2017,"Bombus centralis","Bombus",1
"PL",2017,"Bombus huntii","Bombus",1
"PL",2017,"Colletes sp. 2","Colletes",1
"PL",2017,"Copestylum avidum","Copestylum",1
"PL",2017,"Copestylum lentum","Copestylum",1
"PL",2017,"Eristalis stipator","Eristalis",2
"PL",2017,"Eupeodes volucris","Eupeodes",1
"PL",2017,"Hoplitis albifrons","Hoplitis",1
"PL",2017,"Lasioglossum Z23","Lasioglossum",1
"PL",2017,"Lasioglossum aff. perparvum","Lasioglossum",1
"PL",2017,"Lasioglossum comulum aff.","Lasioglossum",1
"PL",2017,"Lasioglossum deludens","Lasioglossum",1
"PL",2017,"Lasioglossum desertum","Lasioglossum",4
"PL",2017,"Lasioglossum egregium","Lasioglossum",1
"PL",2017,"Lasioglossum semicaeruleum","Lasioglossum",6
"PL",2017,"Lasioglossum sisymbrii","Lasioglossum",2
"PL",2017,"Megachile comata","Megachile",1
"PL",2017,"Sphecodes sp. b","Sphecodes",2
"PL",2017,"Toxomerus marginatus","Toxomerus",1
"PL",2018,"Agapostemon angelicus","Agapostemon",1
"PL",2018,"Apis mellifera","Apis",47
"PL",2018,"Bombus centralis","Bombus",5
"PL",2018,"Bombus flavifrons","Bombus",5
"PL",2018,"Bombus morrisoni","Bombus",4
"PL",2018,"Eupeodes volucris","Eupeodes",1
"PL",2018,"Halictus ligatus","Halictus",1
"PL",2018,"Lasioglossum ruidosense cf.","Lasioglossum",2
"PL",2018,"Megachile frigida","Megachile",5
"PL",2018,"Melissodes confusus","Melissodes",14
"PL",2018,"Paragus haemorrhous","Paragus",1
"PL",2018,"Scaeva affinis","Scaeva",2
"PL",2018,"Syrphus sonorensis","Syrphus",1
"PL",2021,"Agapostemon angelicus","Agapostemon",2
"PL",2021,"Anthidium manicatum","Anthidium",1
"PL",2021,"Anthophora terminalis","Anthophora",3
"PL",2021,"Apis mellifera","Apis",113
"PL",2021,"Bombus centralis","Bombus",90
"PL",2021,"Bombus huntii","Bombus",1
"PL",2021,"Brachymelecta californica","Brachymelecta",1
"PL",2021,"Ceratina nanula","Ceratina",2
"PL",2021,"Coelioxys sodalis","Coelioxys",1
"PL",2021,"Colletes gilensis","Colletes",1
"PL",2021,"Colletes slevini","Colletes",1
"PL",2021,"Copestylum apiciferum","Copestylum",1
"PL",2021,"Copestylum avidum","Copestylum",4
"PL",2021,"Dasysyrphus sp. a","Dasysyrphus",2
"PL",2021,"Eristalis stipator","Eristalis",21
"PL",2021,"Eupeodes volucris","Eupeodes",6
"PL",2021,"Halictus tripartitus","Halictus",7
"PL",2021,"Hylaeus mesillae","Hylaeus",4
"PL",2021,"Lapposyrphus lapponicus","Lapposyrphus",3
"PL",2021,"Lasioglossum deludens","Lasioglossum",3
"PL",2021,"Lasioglossum desertum","Lasioglossum",1
"PL",2021,"Lasioglossum obnubilum","Lasioglossum",1
"PL",2021,"Lasioglossum ruidosense","Lasioglossum",16
"PL",2021,"Lasioglossum ruidosense cf.","Lasioglossum",3
"PL",2021,"Lasioglossum semicaeruleum","Lasioglossum",3
"PL",2021,"Lasioglossum sisymbrii","Lasioglossum",2
"PL",2021,"Lassioglossum obnolium","Lassioglossum",7
"PL",2021,"Lassioglossum ruidosensis","Lassioglossum",5
"PL",2021,"Lassioglossum semicaeruleum","Lassioglossum",1
"PL",2021,"Megachile","Megachile",1
"PL",2021,"Megachile fidelis","Megachile",1
"PL",2021,"Megachile frigida","Megachile",7
"PL",2021,"Megachile melanophaea rohweri","Megachile",3
"PL",2021,"Melissodes confusus","Melissodes",15
"PL",2021,"Osmia coloradensis","Osmia",3
"PL",2021,"Paragus sp. a","Paragus",11
"PL",2021,"Platycheirus sp. a","Platycheirus",1
"PL",2021,"Sphaerophoria spp","Sphaerophoria",1
"PL",2021,"Syrphus sp. a","Syrphus",27
"PL",2021,"Toxomerus marginatus","Toxomerus",3
"PL",2022,"Anthophora terminalis","Anthophora",2
"PL",2022,"Apis mellifera","Apis",10
"PL",2022,"Bombus centralis","Bombus",218
"PL",2022,"Bombus huntii","Bombus",2
"PL",2022,"Copestylum violaceum","Copestylum",1
"PL",2022,"Dasysyrphus sp. a","Dasysyrphus",2
"PL",2022,"Megachile melanophaea rohweri","Megachile",3
"PL",2022,"Melissodes confusus","Melissodes",1
"PL",2022,"Syrphus sp. a","Syrphus",12
"RP",2017,"Agapostemon angelicus","Agapostemon",2
"RP",2017,"Ceratina nanula","Ceratina",2
"RP",2021,"Allograpta obliqua","Allograpta",3
"RP",2021,"Anthophora montana","Anthophora",1
"RP",2021,"Apis mellifera","Apis",6
"RP",2021,"Bombus centralis","Bombus",1
"RP",2021,"Ceratina nanula","Ceratina",4
"RP",2021,"Colletes gilensis","Colletes",1
"RP",2021,"Colletes skinneri","Colletes",7
"RP",2021,"Copestylum anna","Copestylum",1
"RP",2021,"Copestylum avidum","Copestylum",3
"RP",2021,"Dufourea tinsleyi","Dufourea",24
"RP",2021,"Eristalis stipator","Eristalis",15
"RP",2021,"Eupeodes volucris","Eupeodes",1
"RP",2021,"Halictus ligatus","Halictus",3
"RP",2021,"Hylaeus mesillae","Hylaeus",2
"RP",2021,"Lasioglossum ruidosense","Lasioglossum",1
"RP",2021,"Lasioglossum semicaeruleum","Lasioglossum",11
"RP",2021,"Lasioglossum sisymbrii","Lasioglossum",2
"RP",2021,"Lassioglossum obnolium","Lassioglossum",7
"RP",2021,"Megachile fidelis","Megachile",1
"RP",2021,"Megachile mellitarsis","Megachile",3
"RP",2021,"Melissodes confusus","Melissodes",56
"RP",2021,"Palpada mexicana","Palpada",1
"RP",2021,"Paranthidium jugatorium","Paranthidium",10
"RP",2021,"Sphaerophoria spp","Sphaerophoria",2
"RP",2021,"Syntrichalonia exquisita","Syntrichalonia",2
"RP",2021,"Syrphus sp. a","Syrphus",1
"RP",2021,"Toxomerus marginatus","Toxomerus",39
"RP",2021,"Triepeolus sp. a","Triepeolus",14
"RP",2021,"Xylocopa californica arizonensis","Xylocopa",1
"RP",2022,"Apis mellifera","Apis",7
"RP",2022,"Bombus sonorus","Bombus",4
"RP",2022,"Ceratina nanula","Ceratina",1
"RP",2022,"Dianthidium heterulkei","Dianthidium",1
"RP",2022,"Melissodes confusus","Melissodes",1
"RP",2022,"Platycheirus sp. a","Platycheirus",1
"RP",2022,"Spilomyia crandalli","Spilomyia",1
"RP",2022,"Toxomerus marginatus","Toxomerus",1
"SC",2012,"Agapostemon angelicus","Agapostemon",69
"SC",2012,"Allograpta obliqua","Allograpta",1
"SC",2012,"Anthophora montana","Anthophora",45
"SC",2012,"Bombus centralis","Bombus",1
"SC",2012,"Bombus fervidus","Bombus",8
"SC",2012,"Bombus flavifrons","Bombus",18
"SC",2012,"Bombus huntii","Bombus",70
"SC",2012,"Bombus morrisoni","Bombus",1
"SC",2012,"Bombus nevadensis","Bombus",14
"SC",2012,"Chamaesyrphus willistoni","Chamaesyrphus",6
"SC",2012,"Cheilosia sp. a","Cheilosia",2
"SC",2012,"Chrysotoxum sp. a","Chrysotoxum",4
"SC",2012,"Colletes gilensis","Colletes",1
"SC",2012,"Colletes slevini","Colletes",5
"SC",2012,"Copestylum anna","Copestylum",2
"SC",2012,"Copestylum avidum","Copestylum",57
"SC",2012,"Copestylum comstocki","Copestylum",1
"SC",2012,"Copestylum lentum","Copestylum",56
"SC",2012,"Copestylum mexicanum","Copestylum",1
"SC",2012,"Dasysyrphus sp. a","Dasysyrphus",12
"SC",2012,"Dianthidium cressonii","Dianthidium",1
"SC",2012,"Dufourea maura","Dufourea",5
"SC",2012,"Eristalis arbustorum","Eristalis",1
"SC",2012,"Eristalis stipator","Eristalis",26
"SC",2012,"Eristalis tenax","Eristalis",1
"SC",2012,"Eupeodes volucris","Eupeodes",3
"SC",2012,"Halictus farinosus","Halictus",3
"SC",2012,"Halictus ligatus","Halictus",2
"SC",2012,"Halictus tripartitus","Halictus",5
"SC",2012,"Hylaeus annulatus","Hylaeus",5
"SC",2012,"Lasioglossum cinctipes","Lasioglossum",1
"SC",2012,"Lasioglossum cooleyi","Lasioglossum",1
"SC",2012,"Lasioglossum diatretum","Lasioglossum",2
"SC",2012,"Lasioglossum lusorium","Lasioglossum",1
"SC",2012,"Lasioglossum manitouellum","Lasioglossum",4
"SC",2012,"Lasioglossum occultum cf.","Lasioglossum",18
"SC",2012,"Lasioglossum ruficorne","Lasioglossum",2
"SC",2012,"Lasioglossum ruidosense cf.","Lasioglossum",16
"SC",2012,"Lasioglossum semicaeruleum","Lasioglossum",58
"SC",2012,"Lasioglossum sisymbrii","Lasioglossum",159
"SC",2012,"Lasioglossum sp. 2","Lasioglossum",1
"SC",2012,"Lasioglossum sp. s","Lasioglossum",1
"SC",2012,"Lejops polygrammus","Lejops",1
"SC",2012,"Megachile comata","Megachile",1
"SC",2012,"Megachile fidelis","Megachile",2
"SC",2012,"Melissodes confusus","Melissodes",9
"SC",2012,"Melissodes grindeliae","Melissodes",2
"SC",2012,"Melissodes menuachus","Melissodes",1
"SC",2012,"Melissodes pallidisignatus","Melissodes",2
"SC",2012,"Melissodes sp. c","Melissodes",1
"SC",2012,"Platycheirus stegnus","Platycheirus",2
"SC",2012,"Sphecodes sp. a","Sphecodes",7
"SC",2012,"Sphecodes sp. b","Sphecodes",44
"SC",2012,"Triepeolus sp. c","Triepeolus",1
"SC",2017,"Agapostemon angelicus","Agapostemon",123
"SC",2017,"Anthidium porterae","Anthidium",1
"SC",2017,"Anthophora montana","Anthophora",86
"SC",2017,"Anthophora terminalis","Anthophora",4
"SC",2017,"Anthophora urbana","Anthophora",7
"SC",2017,"Apis mellifera","Apis",2
"SC",2017,"Asemosyrphus polygrammus","Asemosyrphus",1
"SC",2017,"Ashmeadiella californica","Ashmeadiella",1
"SC",2017,"Augochlorella sp. a","Augochlorella",1
"SC",2017,"Bombus centralis","Bombus",18
"SC",2017,"Bombus flavifrons","Bombus",1
"SC",2017,"Bombus huntii","Bombus",109
"SC",2017,"Bombus nevadensis","Bombus",38
"SC",2017,"Ceratina nanula","Ceratina",2
"SC",2017,"Colletes gilensis","Colletes",2
"SC",2017,"Colletes sp. 2","Colletes",1
"SC",2017,"Colletes wootoni","Colletes",1
"SC",2017,"Copestylum avidum","Copestylum",3
"SC",2017,"Copestylum lentum","Copestylum",9
"SC",2017,"Dasysyrphus sp. a","Dasysyrphus",3
"SC",2017,"Diadasia australis","Diadasia",7
"SC",2017,"Diadasia diminuta","Diadasia",1
"SC",2017,"Diadasia rinconis","Diadasia",2
"SC",2017,"Didea fuscipes","Didea",1
"SC",2017,"Dufourea maura","Dufourea",10
"SC",2017,"Eristalis arbustorum","Eristalis",3
"SC",2017,"Eristalis stipator","Eristalis",45
"SC",2017,"Eristalis tenax","Eristalis",2
"SC",2017,"Eupeodes volucris","Eupeodes",5
"SC",2017,"Halictus ligatus","Halictus",11
"SC",2017,"Halictus tripartitus","Halictus",16
"SC",2017,"Heriades cressoni","Heriades",2
"SC",2017,"Hoplitis albifrons","Hoplitis",7
"SC",2017,"Hoplitis fulgida","Hoplitis",1
"SC",2017,"Hylaeus annulatus","Hylaeus",1
"SC",2017,"Lasioglossum M2","Lasioglossum",2
"SC",2017,"Lasioglossum Z23","Lasioglossum",1
"SC",2017,"Lasioglossum comulum aff.","Lasioglossum",2
"SC",2017,"Lasioglossum egregium","Lasioglossum",1
"SC",2017,"Lasioglossum hairy T1","Lasioglossum",2
"SC",2017,"Lasioglossum heterorhinum","Lasioglossum",2
"SC",2017,"Lasioglossum hudsoniellum","Lasioglossum",8
"SC",2017,"Lasioglossum lusorium","Lasioglossum",9
"SC",2017,"Lasioglossum obnubilum","Lasioglossum",3
"SC",2017,"Lasioglossum pacatum/viridatulum","Lasioglossum",6
"SC",2017,"Lasioglossum ruidosense","Lasioglossum",6
"SC",2017,"Lasioglossum ruidosense cf.","Lasioglossum",13
"SC",2017,"Lasioglossum semicaeruleum","Lasioglossum",79
"SC",2017,"Lasioglossum sisymbrii","Lasioglossum",130
"SC",2017,"Lasioglossum sp. 2","Lasioglossum",11
"SC",2017,"Lasioglossum sp. s","Lasioglossum",9
"SC",2017,"Lasioglossum veganum species complex","Lasioglossum",1
"SC",2017,"Lithurgopsis apicalis","Lithurgopsis",5
"SC",2017,"Megachile comata","Megachile",2
"SC",2017,"Megachile fidelis","Megachile",2
"SC",2017,"Megachile frigida","Megachile",3
"SC",2017,"Megachile melanophaea","Megachile",14
"SC",2017,"Megachile melanophaea rohweri","Megachile",67
"SC",2017,"Megachile proxima","Megachile",1
"SC",2017,"Megachile relativa","Megachile",4
"SC",2017,"Melissodes confusus","Melissodes",36
"SC",2017,"Melissodes gilensis","Melissodes",5
"SC",2017,"Melissodes tristis","Melissodes",5
"SC",2017,"Nomada sp. c","Nomada",1
"SC",2017,"Osmia albolateralis","Osmia",1
"SC",2017,"Osmia brevis","Osmia",1
"SC",2017,"Osmia bruneri","Osmia",1
"SC",2017,"Osmia inurbana","Osmia",2
"SC",2017,"Osmia simillima","Osmia",2
"SC",2017,"Osmia texana","Osmia",1
"SC",2017,"Scaeva affinis","Scaeva",1
"SC",2017,"Sphecodes sp. a","Sphecodes",4
"SC",2017,"Sphecodes sp. b","Sphecodes",211
"SC",2017,"Syrphus opinator","Syrphus",2
"SC",2017,"Syrphus ribesii","Syrphus",1
"SC",2017,"Toxomerus marginatus","Toxomerus",14
"SC",2017,"Triepeolus sp. b","Triepeolus",2
"SC",2018,"Agapostemon angelicus","Agapostemon",51
"SC",2018,"Anthophora montana","Anthophora",42
"SC",2018,"Bombus centralis","Bombus",7
"SC",2018,"Bombus flavifrons","Bombus",1
"SC",2018,"Bombus huntii","Bombus",50
"SC",2018,"Bombus sonorus","Bombus",1
"SC",2018,"Copestylum lentum","Copestylum",1
"SC",2018,"Diadasia diminuta","Diadasia",1
"SC",2018,"Dufourea maura","Dufourea",6
"SC",2018,"Eupeodes volucris","Eupeodes",1
"SC",2018,"Halictus ligatus","Halictus",4
"SC",2018,"Heriades cressoni","Heriades",1
"SC",2018,"Hylaeus annulatus","Hylaeus",1
"SC",2018,"Hylaeus mesillae","Hylaeus",1
"SC",2018,"Lapposyrphus lapponicus","Lapposyrphus",1
"SC",2018,"Lasioglossum aquilae","Lasioglossum",1
"SC",2018,"Lasioglossum cooleyi","Lasioglossum",1
"SC",2018,"Lasioglossum desertum","Lasioglossum",1
"SC",2018,"Lasioglossum lusorium","Lasioglossum",1
"SC",2018,"Lasioglossum ruidosense","Lasioglossum",1
"SC",2018,"Lasioglossum ruidosense cf.","Lasioglossum",1
"SC",2018,"Lasioglossum semicaeruleum","Lasioglossum",9
"SC",2018,"Lasioglossum sisymbrii","Lasioglossum",2
"SC",2018,"Lassioglossum obnolium","Lassioglossum",1
"SC",2018,"Lassioglossum ruidosensis","Lassioglossum",1
"SC",2018,"Megachile comata","Megachile",1
"SC",2018,"Megachile fidelis","Megachile",2
"SC",2018,"Megachile frigida","Megachile",3
"SC",2018,"Megachile melanophaea rohweri","Megachile",1
"SC",2018,"Melissodes confusus","Melissodes",16
"SC",2018,"Melissodes gilensis","Melissodes",1
"SC",2018,"Melissodes tristis","Melissodes",1
"SC",2018,"Neocnemodon sp. a","Neocnemodon",1
"SC",2018,"Parasyrphus relictus","Parasyrphus",2
"SC",2018,"Scaeva affinis","Scaeva",1
"SC",2018,"Sphecodes sp. a","Sphecodes",1
"SC",2018,"Sphecodes sp. b","Sphecodes",19
"SC",2018,"Syrphus ribesii","Syrphus",1
"SC",2018,"Syrphus sonorensis","Syrphus",1
"SC",2018,"Toxomerus marginatus","Toxomerus",4
"SC",2021,"Agapostemon angelicus","Agapostemon",10
"SC",2021,"Anthophora terminalis","Anthophora",1
"SC",2021,"Anthophora urbana","Anthophora",4
"SC",2021,"Apis mellifera","Apis",31
"SC",2021,"Asemosyrphus polygrammus","Asemosyrphus",12
"SC",2021,"Bombus centralis","Bombus",258
"SC",2021,"Bombus huntii","Bombus",146
"SC",2021,"Bombus morrisoni","Bombus",1
"SC",2021,"Bombus nevadensis","Bombus",34
"SC",2021,"Coelioxys rufitarsis","Coelioxys",1
"SC",2021,"Coelioxys sodalis","Coelioxys",4
"SC",2021,"Colletes eulophi","Colletes",1
"SC",2021,"Colletes skinneri","Colletes",2
"SC",2021,"Colletes slevini","Colletes",1
"SC",2021,"Colletes wootoni","Colletes",3
"SC",2021,"Copestylum anna","Copestylum",7
"SC",2021,"Copestylum avidum","Copestylum",154
"SC",2021,"Copestylum haagii","Copestylum",4
"SC",2021,"Copestylum lentum","Copestylum",1
"SC",2021,"Copestylum marginatum group","Copestylum",17
"SC",2021,"Dasysyrphus sp. a","Dasysyrphus",2
"SC",2021,"Diadasia rinconis","Diadasia",1
"SC",2021,"Eristalis stipator","Eristalis",68
"SC",2021,"Eristalis tenax","Eristalis",1
"SC",2021,"Eupeodes volucris","Eupeodes",3
"SC",2021,"Halictus farinosus","Halictus",6
"SC",2021,"Halictus tripartitus","Halictus",2
"SC",2021,"Helophilus latifrons","Helophilus",3
"SC",2021,"Hoplitis albifrons","Hoplitis",3
"SC",2021,"Hylaeus annulatus","Hylaeus",1
"SC",2021,"Lapposyrphus lapponicus","Lapposyrphus",7
"SC",2021,"Lasioglossum egregium","Lasioglossum",4
"SC",2021,"Lasioglossum ruidosense","Lasioglossum",4
"SC",2021,"Lasioglossum semicaeruleum","Lasioglossum",10
"SC",2021,"Lasioglossum sisymbrii","Lasioglossum",49
"SC",2021,"Lassioglossum obnolium","Lassioglossum",2
"SC",2021,"Megachile","Megachile",1
"SC",2021,"Megachile comata","Megachile",5
"SC",2021,"Megachile frigida","Megachile",4
"SC",2021,"Megachile melanophaea rohweri","Megachile",13
"SC",2021,"Megachile mellitarsis","Megachile",1
"SC",2021,"Melissodes confusus","Melissodes",1
"SC",2021,"Melissodes grindeliae","Melissodes",1
"SC",2021,"Melissodes verbesinarum","Melissodes",1
"SC",2021,"Nomada sp. e","Nomada",1
"SC",2021,"Osmia gaudiosa","Osmia",1
"SC",2021,"Osmia pentstemonis","Osmia",5
"SC",2021,"Osmia sp. a","Osmia",1
"SC",2021,"Platycheirus sp. a","Platycheirus",10
"SC",2021,"Scaeva affinis","Scaeva",2
"SC",2021,"Toxomerus marginatus","Toxomerus",9
"SC",2022,"Apis mellifera","Apis",3
"SC",2022,"Ashmeadiella opuntiae","Ashmeadiella",3
"SC",2022,"Bombus centralis","Bombus",131
"SC",2022,"Bombus fervidus","Bombus",1
"SC",2022,"Bombus huntii","Bombus",35
"SC",2022,"Bombus morrisoni","Bombus",1
"SC",2022,"Bombus nevadensis","Bombus",20
"SC",2022,"Chrysogaster sp. a","Chrysogaster",4
"SC",2022,"Coelioxys sodalis","Coelioxys",1
"SC",2022,"Colletes wootoni","Colletes",1
"SC",2022,"Copestylum anna","Copestylum",1
"SC",2022,"Copestylum avidum","Copestylum",113
"SC",2022,"Copestylum lentum","Copestylum",5
"SC",2022,"Copestylum marginatum group","Copestylum",23
"SC",2022,"Dasysyrphus sp. a","Dasysyrphus",2
"SC",2022,"Didea fuscipes","Didea",1
"SC",2022,"Dufourea maura","Dufourea",1
"SC",2022,"Eristalis stipator","Eristalis",16
"SC",2022,"Eristalis tenax","Eristalis",16
"SC",2022,"Halictus confusus","Halictus",1
"SC",2022,"Halictus ligatus","Halictus",1
"SC",2022,"Halictus rubicundus","Halictus",2
"SC",2022,"Halictus tripartitus","Halictus",1
"SC",2022,"Hoplitis albifrons","Hoplitis",1
"SC",2022,"Lasioglossum ruidosense cf.","Lasioglossum",2
"SC",2022,"Megachile","Megachile",1
"SC",2022,"Megachile comata","Megachile",1
"SC",2022,"Megachile frigida","Megachile",12
"SC",2022,"Megachile melanophaea rohweri","Megachile",14
"SC",2022,"Melissodes agilis","Melissodes",1
"SC",2022,"Melissodes confusus","Melissodes",2
"SC",2022,"Osmia pentstemonis","Osmia",3
"SC",2022,"Osmia sp. a","Osmia",2
"SC",2022,"Syrphus sp. a","Syrphus",14
"SM",2017,"Agapostemon angelicus","Agapostemon",3
"SM",2017,"Anthophora montana","Anthophora",1
"SM",2017,"Anthophora urbana","Anthophora",1
"SM",2017,"Asemosyrphus polygrammus","Asemosyrphus",2
"SM",2017,"Bombus centralis","Bombus",5
"SM",2017,"Bombus fervidus","Bombus",1
"SM",2017,"Chrysotoxum sp. a","Chrysotoxum",1
"SM",2017,"Copestylum lentum","Copestylum",19
"SM",2017,"Dasysyrphus sp. a","Dasysyrphus",5
"SM",2017,"Didea fuscipes","Didea",2
"SM",2017,"Eristalis stipator","Eristalis",4
"SM",2017,"Eupeodes volucris","Eupeodes",2
"SM",2017,"Hammerschmidtia rufa","Hammerschmidtia",1
"SM",2017,"Hoplitis fulgida","Hoplitis",1
"SM",2017,"Lasioglossum aquilae","Lasioglossum",1
"SM",2017,"Lasioglossum desertum","Lasioglossum",1
"SM",2017,"Lasioglossum egregium","Lasioglossum",1
"SM",2017,"Lasioglossum heterorhinum","Lasioglossum",9
"SM",2017,"Lasioglossum lusorium","Lasioglossum",1
"SM",2017,"Lasioglossum ruidosense","Lasioglossum",4
"SM",2017,"Lasioglossum ruidosense cf.","Lasioglossum",1
"SM",2017,"Lasioglossum semicaeruleum","Lasioglossum",6
"SM",2017,"Lasioglossum sisymbrii","Lasioglossum",19
"SM",2017,"Lasioglossum veganum species complex","Lasioglossum",1
"SM",2017,"Megachile melanophaea rohweri","Megachile",26
"SM",2017,"Melanostoma mellium","Melanostoma",1
"SM",2017,"Melissodes confusus","Melissodes",1
"SM",2017,"Neocnemodon sp. a","Neocnemodon",2
"SM",2017,"Nomada sp. b","Nomada",1
"SM",2017,"Osmia longula","Osmia",1
"SM",2017,"Scaeva affinis","Scaeva",1
"SM",2017,"Syrphus opinator","Syrphus",1
"SM",2017,"Syrphus ribesii","Syrphus",1
"SM",2017,"Toxomerus marginatus","Toxomerus",1
"SM",2018,"Agapostemon angelicus","Agapostemon",2
"SM",2018,"Anthidium maculosum","Anthidium",20
"SM",2018,"Anthophora montana","Anthophora",19
"SM",2018,"Anthophora urbana","Anthophora",6
"SM",2018,"Asemosyrphus polygrammus","Asemosyrphus",1
"SM",2018,"Bombus centralis","Bombus",7
"SM",2018,"Bombus flavifrons","Bombus",3
"SM",2018,"Chrysotoxum sp. a","Chrysotoxum",3
"SM",2018,"Colletes bryanti","Colletes",1
"SM",2018,"Colletes slevini","Colletes",1
"SM",2018,"Copestylum lentum","Copestylum",1
"SM",2018,"Didea fuscipes","Didea",1
"SM",2018,"Dufourea maura","Dufourea",2
"SM",2018,"Eristalis hirta","Eristalis",1
"SM",2018,"Eristalis stipator","Eristalis",2
"SM",2018,"Eristalis tenax","Eristalis",1
"SM",2018,"Hylaeus annulatus","Hylaeus",4
"SM",2018,"Lapposyrphus lapponicus","Lapposyrphus",5
"SM",2018,"Lasioglossum M2","Lasioglossum",2
"SM",2018,"Lasioglossum laevissimum","Lasioglossum",1
"SM",2018,"Lasioglossum pacatum","Lasioglossum",1
"SM",2018,"Lasioglossum ruidosense cf.","Lasioglossum",12
"SM",2018,"Lasioglossum sisymbrii","Lasioglossum",3
"SM",2018,"Megachile comata","Megachile",3
"SM",2018,"Megachile melanophaea rohweri","Megachile",1
"SM",2018,"Melissodes confusus","Melissodes",7
"SM",2018,"Melissodes tristis","Melissodes",1
"SM",2018,"Paragus haemorrhous","Paragus",2
"SM",2018,"Paragus sp. a","Paragus",1
"SM",2018,"Scaeva affinis","Scaeva",3
"SM",2018,"Sphecodes sp. b","Sphecodes",5
"SM",2018,"Syrphus sonorensis","Syrphus",1
"SM",2018,"Triepeolus sp. a","Triepeolus",1
"SM",2021,"Agapostemon angelicus","Agapostemon",19
"SM",2021,"Anthidium manicatum","Anthidium",1
"SM",2021,"Anthophora montana","Anthophora",1
"SM",2021,"Anthophora urbana","Anthophora",1
"SM",2021,"Apis mellifera","Apis",13
"SM",2021,"Asemosyrphus polygrammus","Asemosyrphus",14
"SM",2021,"Bombus centralis","Bombus",50
"SM",2021,"Bombus huntii","Bombus",4
"SM",2021,"Colletes compactus","Colletes",1
"SM",2021,"Copestylum avidum","Copestylum",2
"SM",2021,"Copestylum marginatum group","Copestylum",1
"SM",2021,"Dasysyrphus sp. a","Dasysyrphus",2
"SM",2021,"Didea fuscipes","Didea",1
"SM",2021,"Dufourea maura","Dufourea",4
"SM",2021,"Eristalis stipator","Eristalis",28
"SM",2021,"Eristalis tenax","Eristalis",2
"SM",2021,"Eupeodes spp.","Eupeodes",1
"SM",2021,"Eupeodes volucris","Eupeodes",3
"SM",2021,"Hylaeus annulatus","Hylaeus",2
"SM",2021,"Lapposyrphus aberrantis","Lapposyrphus",1
"SM",2021,"Lapposyrphus lapponicus","Lapposyrphus",14
"SM",2021,"Lasioglossum potosi(?)","Lasioglossum",1
"SM",2021,"Lasioglossum ruidosense","Lasioglossum",1
"SM",2021,"Lasioglossum ruidosense cf.","Lasioglossum",1
"SM",2021,"Lasioglossum semicaeruleum","Lasioglossum",4
"SM",2021,"Lasioglossum sisymbrii","Lasioglossum",11
"SM",2021,"Megachile frigida","Megachile",1
"SM",2021,"Megachile melanophaea rohweri","Megachile",3
"SM",2021,"Melissodes confusus","Melissodes",3
"SM",2021,"Melissodes montanus","Melissodes",1
"SM",2021,"Osmia subaustralis","Osmia",2
"SM",2021,"Platycheirus sp. a","Platycheirus",2
"SM",2021,"Sphaerophoria spp","Sphaerophoria",1
"SM",2021,"Syrphus sp. a","Syrphus",3
"SM",2021,"Toxomerus marginatus","Toxomerus",1
"SM",2021,"Triepeolus sp. a","Triepeolus",1
"SM",2022,"Anthidium mormonum","Anthidium",1
"SM",2022,"Bombus centralis","Bombus",163
"SM",2022,"Bombus huntii","Bombus",77
"SM",2022,"Dasysyrphus sp. a","Dasysyrphus",1
"SM",2022,"Didea fuscipes","Didea",4
"SM",2022,"Dufourea maura","Dufourea",4
"SM",2022,"Eristalis spp.","Eristalis",1
"SM",2022,"Eristalis stipator","Eristalis",1
"SM",2022,"Eristalis tenax","Eristalis",3
"SM",2022,"Lapposyrphus lapponicus","Lapposyrphus",1
"SM",2022,"Lasioglossum ruidosense cf.","Lasioglossum",2
"SM",2022,"Melissodes confusus","Melissodes",11
"SM",2022,"Platycheirus sp. a","Platycheirus",1
"SM",2022,"Syrphus sp. a","Syrphus",24
"SS",2017,"Agapostemon angelicus","Agapostemon",3
"SS",2017,"Anthophora montana","Anthophora",1
"SS",2017,"Anthophora terminalis","Anthophora",1
"SS",2017,"Apis mellifera","Apis",2
"SS",2017,"Asemosyrphus polygrammus","Asemosyrphus",2
"SS",2017,"Bombus huntii","Bombus",8
"SS",2017,"Colletes wootoni","Colletes",1
"SS",2017,"Copestylum satur","Copestylum",2
"SS",2017,"Copestylum violaceum","Copestylum",11
"SS",2017,"Eristalis stipator","Eristalis",9
"SS",2017,"Eupeodes volucris","Eupeodes",2
"SS",2017,"Halictus ligatus","Halictus",2
"SS",2017,"Heriades cressoni","Heriades",1
"SS",2017,"Lapposyrphus lapponicus","Lapposyrphus",1
"SS",2017,"Lasioglossum M2","Lasioglossum",1
"SS",2017,"Lasioglossum desertum","Lasioglossum",1
"SS",2017,"Lasioglossum ruidosense","Lasioglossum",1
"SS",2017,"Lasioglossum ruidosense cf.","Lasioglossum",2
"SS",2017,"Lasioglossum semicaeruleum","Lasioglossum",3
"SS",2017,"Lasioglossum sisymbrii","Lasioglossum",1
"SS",2017,"Megachile melanophaea rohweri","Megachile",1
"SS",2017,"Megachile relativa","Megachile",1
"SS",2017,"Sphecodes sp. b","Sphecodes",2
"SS",2017,"Syrphus opinator","Syrphus",2
"UK",2017,"Agapostemon angelicus","Agapostemon",1
"UK",2017,"Bombus huntii","Bombus",39
"UK",2017,"Melissodes confusus","Melissodes",8
"VC",2017,"Agapostemon angelicus","Agapostemon",3
"VC",2017,"Anthophora montana","Anthophora",4
"VC",2017,"Anthophora urbana","Anthophora",3
"VC",2017,"Bombus bifarius","Bombus",4
"VC",2017,"Bombus huntii","Bombus",3
"VC",2017,"Copestylum avidum","Copestylum",1
"VC",2017,"Dianthidium sp. a","Dianthidium",1
"VC",2017,"Dufourea maura","Dufourea",3
"VC",2017,"Eupeodes snowi","Eupeodes",1
"VC",2017,"Hylaeus annulatus","Hylaeus",1
"VC",2017,"Hylaeus wootoni","Hylaeus",1
"VC",2017,"Lasioglossum comulum aff.","Lasioglossum",1
"VC",2017,"Lasioglossum obnubilum","Lasioglossum",2
"VC",2017,"Lasioglossum pacatum","Lasioglossum",1
"VC",2017,"Lasioglossum pacatum/viridatulum","Lasioglossum",1
"VC",2017,"Lasioglossum semicaeruleum","Lasioglossum",3
"VC",2017,"Lasioglossum sisymbrii","Lasioglossum",3
"VC",2017,"Lasioglossum viridatum species group","Lasioglossum",2
"VC",2017,"Megachile subexilis","Megachile",1
"VC",2017,"Melissodes confusus","Melissodes",2
"VC",2017,"Melissodes gilensis","Melissodes",1
"VC",2017,"Sphecodes sp. a","Sphecodes",1
